{
  "caseSensitive": false,
  "collapseBooleanAttributes": true,
  "collapseInlineTagWhitespace": false,
  "collapseWhitespace": true,
  "conservativeCollapse": false,
  "customAttrCollapse": ".*",
  "decodeEntities": true,
  "html5": true,
  "ignoreCustomFragments": [
    "<#[\\s\\S]*?#>",
    "<%[\\s\\S]*?%>",
    "<\\?[\\s\\S]*?\\?>"
  ],
  "includeAutoGeneratedTags": false,
  "keepClosingSlash": false,
  "maxLineLength": 0,
  "minifyCSS": false,
  "minifyJS": false,
  "preserveLineBreaks": true,
  "preventAttributesEscaping": false,
  "processConditionalComments": true,
  "processScripts": [
    "text/html"
  ],
  "removeAttributeQuotes": true,
  "removeComments": true,
  "removeEmptyAttributes": true,
  "removeEmptyElements": false,
  "removeOptionalTags": true,
  "removeRedundantAttributes": true,
  "removeScriptTypeAttributes": true,
  "removeStyleLinkTypeAttributes": true,
  "removeTagWhitespace": false,
  "sortAttributes": false,
  "sortClassName": false,
  "trimCustomFragments": true,
  "useShortDoctype": true
}
